[{"Secret":"3f1b8a921a","Uri":"https://live.staticflickr.com/7019/6448304205_3f1b8a921a_b.jpg","ThumbnailUri":"https://live.staticflickr.com/7019/6448304205_3f1b8a921a_t.jpg","OwnerName":"Xena*best friend*","Title":"Boss wishing you a wonderful Sunday!"},{"Secret":"948fc391fb","Uri":"https://live.staticflickr.com/8434/7614814412_948fc391fb_b.jpg","ThumbnailUri":"https://live.staticflickr.com/8434/7614814412_948fc391fb_t.jpg","OwnerName":"Kerri Lee Smith","Title":"Jimmy's response"},{"Secret":"10b1071d7d","Uri":"https://live.staticflickr.com/3636/5700615840_10b1071d7d_b.jpg","ThumbnailUri":"https://live.staticflickr.com/3636/5700615840_10b1071d7d_t.jpg","OwnerName":"peter_hasselbom","Title":"Dimma Doing Push-Ups"},{"Secret":"a4ab1d3a31","Uri":"https://live.staticflickr.com/8443/7783294568_a4ab1d3a31_b.jpg","ThumbnailUri":"https://live.staticflickr.com/8443/7783294568_a4ab1d3a31_t.jpg","OwnerName":"Xena*best friend*","Title":"☼ ☼ ☼ I'm melting, mom! ☼ ☼ ☼"},{"Secret":"631a0d4812","Uri":"https://live.staticflickr.com/5293/5450265181_631a0d4812_b.jpg","ThumbnailUri":"https://live.staticflickr.com/5293/5450265181_631a0d4812_t.jpg","OwnerName":"Jason A. Samfield","Title":"Pensive"},{"Secret":"289b110302","Uri":"https://live.staticflickr.com/5052/5558382268_289b110302_b.jpg","ThumbnailUri":"https://live.staticflickr.com/5052/5558382268_289b110302_t.jpg","OwnerName":"indycoon","Title":"Origami, 3 months"},{"Secret":"087378f642","Uri":"https://live.staticflickr.com/8162/7003702988_087378f642_b.jpg","ThumbnailUri":"https://live.staticflickr.com/8162/7003702988_087378f642_t.jpg","OwnerName":"Simply Viola ( Busy +off-on )","Title":"♥❤♥ Lucy ♥❤♥"},{"Secret":"d94b25fa43","Uri":"https://live.staticflickr.com/6229/6218041988_d94b25fa43_b.jpg","ThumbnailUri":"https://live.staticflickr.com/6229/6218041988_d94b25fa43_t.jpg","OwnerName":"bent.christiansen","Title":"The Spot"},{"Secret":"85fae84c41","Uri":"https://live.staticflickr.com/7221/7136680393_85fae84c41_b.jpg","ThumbnailUri":"https://live.staticflickr.com/7221/7136680393_85fae84c41_t.jpg","OwnerName":"peter_hasselbom","Title":"Brina and Freddo"},{"Secret":"c3b50169d8","Uri":"https://live.staticflickr.com/7001/6829530255_c3b50169d8_b.jpg","ThumbnailUri":"https://live.staticflickr.com/7001/6829530255_c3b50169d8_t.jpg","OwnerName":"Xena*best friend*","Title":"-13°C/8.59°F = Icicles....but it doesn't bother Ziva, absolutely."},{"Secret":"5974d87139","Uri":"https://live.staticflickr.com/7063/6921940119_5974d87139_b.jpg","ThumbnailUri":"https://live.staticflickr.com/7063/6921940119_5974d87139_t.jpg","OwnerName":"videovlada","Title":"Kitties"},{"Secret":"d3f40619a2","Uri":"https://live.staticflickr.com/6005/5966428967_d3f40619a2_b.jpg","ThumbnailUri":"https://live.staticflickr.com/6005/5966428967_d3f40619a2_t.jpg","OwnerName":"jmberman1","Title":"Epiphany"},{"Secret":"036defa077","Uri":"https://live.staticflickr.com/7100/7327808256_036defa077_b.jpg","ThumbnailUri":"https://live.staticflickr.com/7100/7327808256_036defa077_t.jpg","OwnerName":"ontourwithben","Title":"Longing"},{"Secret":"bb5c01ac51","Uri":"https://live.staticflickr.com/7036/6942317269_bb5c01ac51_b.jpg","ThumbnailUri":"https://live.staticflickr.com/7036/6942317269_bb5c01ac51_t.jpg","OwnerName":"Simply Viola ( Busy +off-on )","Title":"♥❤♥ Lucy ♥❤♥"},{"Secret":"9312385bf1","Uri":"https://live.staticflickr.com/7089/7260723414_9312385bf1_b.jpg","ThumbnailUri":"https://live.staticflickr.com/7089/7260723414_9312385bf1_t.jpg","OwnerName":"A-cat-and-a-half","Title":"Hello Kitty"},{"Secret":"0c4419eca1","Uri":"https://live.staticflickr.com/6114/6371746131_0c4419eca1_b.jpg","ThumbnailUri":"https://live.staticflickr.com/6114/6371746131_0c4419eca1_t.jpg","OwnerName":"Fahad Al-Robah","Title":"الاميرة"},{"Secret":"57d2a49914","Uri":"https://live.staticflickr.com/7207/6797697458_57d2a49914_b.jpg","ThumbnailUri":"https://live.staticflickr.com/7207/6797697458_57d2a49914_t.jpg","OwnerName":"mandalaybus","Title":"Pondering the Meaning of Life in Turkey"},{"Secret":"31860fc2e3","Uri":"https://live.staticflickr.com/8148/6967762156_31860fc2e3_b.jpg","ThumbnailUri":"https://live.staticflickr.com/8148/6967762156_31860fc2e3_t.jpg","OwnerName":"Stinnie","Title":"His look - 2012"},{"Secret":"c37aa03ce1","Uri":"https://live.staticflickr.com/6060/5889021795_c37aa03ce1_b.jpg","ThumbnailUri":"https://live.staticflickr.com/6060/5889021795_c37aa03ce1_t.jpg","OwnerName":"scotty w","Title":""},{"Secret":"661f8ebfde","Uri":"https://live.staticflickr.com/5297/5452282041_661f8ebfde_b.jpg","ThumbnailUri":"https://live.staticflickr.com/5297/5452282041_661f8ebfde_t.jpg","OwnerName":"mdnyte","Title":"\"Look at me..."},{"Secret":"5d711e2989","Uri":"https://live.staticflickr.com/7004/6726452949_5d711e2989_b.jpg","ThumbnailUri":"https://live.staticflickr.com/7004/6726452949_5d711e2989_t.jpg","OwnerName":"alljengi","Title":"Bhuna sunbathing, Greenbank, Summer 2001"},{"Secret":"d6fce14bc0","Uri":"https://live.staticflickr.com/6028/6010800067_d6fce14bc0_b.jpg","ThumbnailUri":"https://live.staticflickr.com/6028/6010800067_d6fce14bc0_t.jpg","OwnerName":"Per Ola Wiberg ~ Powi","Title":"Leo resting in the shade"},{"Secret":"4103561879","Uri":"https://live.staticflickr.com/5224/5878116869_4103561879_b.jpg","ThumbnailUri":"https://live.staticflickr.com/5224/5878116869_4103561879_t.jpg","OwnerName":"halina.reshetova","Title":"Tri-color cat"},{"Secret":"cec3066963","Uri":"https://live.staticflickr.com/7144/6411052787_cec3066963_b.jpg","ThumbnailUri":"https://live.staticflickr.com/7144/6411052787_cec3066963_t.jpg","OwnerName":"Mats&Muffi","Title":"Zazza - Nikon D300 - AF-S VR Zoom-Nikkor 70-200mm f/2.8G IF-ED"},{"Secret":"01c1a9121c","Uri":"https://live.staticflickr.com/7193/7038354471_01c1a9121c_b.jpg","ThumbnailUri":"https://live.staticflickr.com/7193/7038354471_01c1a9121c_t.jpg","OwnerName":"Rohdrygo","Title":"Bons Sonhos..."},{"Secret":"f2b0fbaaa4","Uri":"https://live.staticflickr.com/7140/7564958974_f2b0fbaaa4_b.jpg","ThumbnailUri":"https://live.staticflickr.com/7140/7564958974_f2b0fbaaa4_t.jpg","OwnerName":"Simply Viola ( Busy +off-on )","Title":"Happy Caturday to all Flickr Friends !"},{"Secret":"83d7ae346a","Uri":"https://live.staticflickr.com/7254/7590989554_83d7ae346a_b.jpg","ThumbnailUri":"https://live.staticflickr.com/7254/7590989554_83d7ae346a_t.jpg","OwnerName":"Toni Duarte","Title":"Cat,Gat,Gato"},{"Secret":"4c67f8b603","Uri":"https://live.staticflickr.com/65535/50203119021_4c67f8b603_b.jpg","ThumbnailUri":"https://live.staticflickr.com/65535/50203119021_4c67f8b603_t.jpg","OwnerName":"Ricky Mouser","Title":"Furry Little Feetsies"},{"Secret":"6c7d6243ef","Uri":"https://live.staticflickr.com/8551/8708508978_6c7d6243ef_b.jpg","ThumbnailUri":"https://live.staticflickr.com/8551/8708508978_6c7d6243ef_t.jpg","OwnerName":"Kerri Lee Smith","Title":"Simple(ton)"},{"Secret":"8d05a67848","Uri":"https://live.staticflickr.com/8379/8539616847_8d05a67848_b.jpg","ThumbnailUri":"https://live.staticflickr.com/8379/8539616847_8d05a67848_t.jpg","OwnerName":"Eve'sNature","Title":"Jaguar Cubs"},{"Secret":"300e16eee8","Uri":"https://live.staticflickr.com/65535/50096903238_300e16eee8_b.jpg","ThumbnailUri":"https://live.staticflickr.com/65535/50096903238_300e16eee8_t.jpg","OwnerName":"Maya HK - More off","Title":"Lumi im Backofen * Lumi in the oven * Lumi en el horno * Thanks for explore 💖  .   P1440125-001"},{"Secret":"a7dfbac9f8","Uri":"https://live.staticflickr.com/65535/50938813042_a7dfbac9f8_b.jpg","ThumbnailUri":"https://live.staticflickr.com/65535/50938813042_a7dfbac9f8_t.jpg","OwnerName":"Alfredo Liverani","Title":"Alice the mathematician"},{"Secret":"173db8d9fe","Uri":"https://live.staticflickr.com/65535/51309261562_173db8d9fe_b.jpg","ThumbnailUri":"https://live.staticflickr.com/65535/51309261562_173db8d9fe_t.jpg","OwnerName":"sophie_merlo","Title":"Cute cat - fluffy loveliness"},{"Secret":"ab54d05cbd","Uri":"https://live.staticflickr.com/65535/49985221447_ab54d05cbd_b.jpg","ThumbnailUri":"https://live.staticflickr.com/65535/49985221447_ab54d05cbd_t.jpg","OwnerName":"mat56.","Title":"mio"},{"Secret":"0c9c2554f4","Uri":"https://live.staticflickr.com/65535/50334427386_0c9c2554f4_b.jpg","ThumbnailUri":"https://live.staticflickr.com/65535/50334427386_0c9c2554f4_t.jpg","OwnerName":"Ricky Mouser","Title":"Some say Love, it is a Felix"},{"Secret":"8d11ab1d74","Uri":"https://live.staticflickr.com/65535/51811688686_8d11ab1d74_b.jpg","ThumbnailUri":"https://live.staticflickr.com/65535/51811688686_8d11ab1d74_t.jpg","OwnerName":"Christine_S.","Title":"cookie & loki"},{"Secret":"e61d1fb18a","Uri":"https://live.staticflickr.com/65535/50872549373_e61d1fb18a_b.jpg","ThumbnailUri":"https://live.staticflickr.com/65535/50872549373_e61d1fb18a_t.jpg","OwnerName":"Xena*best friend*","Title":"♰ In Memory of Mammina ♰"},{"Secret":"85ca2b9600","Uri":"https://live.staticflickr.com/65535/49867618492_85ca2b9600_b.jpg","ThumbnailUri":"https://live.staticflickr.com/65535/49867618492_85ca2b9600_t.jpg","OwnerName":"Mandenno photography","Title":"Siberian tiger - Pairi Daiza"},{"Secret":"d44a79902a","Uri":"https://live.staticflickr.com/65535/50840810191_d44a79902a_b.jpg","ThumbnailUri":"https://live.staticflickr.com/65535/50840810191_d44a79902a_t.jpg","OwnerName":"B℮n","Title":"Cats in Kotor are a sign of good luck"},{"Secret":"6f0e6165b3","Uri":"https://live.staticflickr.com/65535/50964847867_6f0e6165b3_b.jpg","ThumbnailUri":"https://live.staticflickr.com/65535/50964847867_6f0e6165b3_t.jpg","OwnerName":"Bryan J. Smith","Title":"BOBCAT Im 1610"}]